"datetime(last_visit_time/1000000-11644473600,'unixepoch','localtime')",url
"2017-05-21 03:43:08",https://www.sqlite.org/cli.html
"2017-05-21 03:43:05",https://www.google.com/search?q=where+to+find+sqlite+database+linux&oq=where+to+find+sqlite+database+linux&aqs=chrome..69i57.12487j0j7&sourceid=chrome&ie=UTF-8
"2017-05-21 03:42:35",https://www.google.com/search?q=sqlite+where+do+the+tables+come+from&oq=sqlite+where+do+the+tables+come+from&aqs=chrome..69i57.6639j0j7&sourceid=chrome&ie=UTF-8
"2017-05-21 03:42:18",http://www.sqlitetutorial.net/sqlite-create-table/
"2017-05-21 03:41:18",https://www.sqlite.org/doclist.html
"2017-05-21 03:41:12",https://www.sqlite.org/csv.html
"2017-05-21 03:40:32",https://www.sqlite.org/docs.html
"2017-05-21 03:40:23",https://www.sqlite.org/support.html
"2017-05-21 03:40:00",https://www.sqlite.org/c3ref/temp_directory.html
"2017-05-21 03:39:27",https://www.sqlite.org/c3ref/open.html
"2017-05-21 03:39:26",https://www.google.com/search?q=sqlite3+FROM+urls&oq=sqlite3+FROM+urls&gs_l=serp.3...11617.22159.0.22703.37.28.1.0.0.0.175.2562.20j7.27.0....0...1.1.64.serp..14.21.1899.6..0j46j35i39k1j0i20k1j0i20i46k1j46i20k1j0i67k1j0i46k1j0i131k1j0i22i30k1j0i22i10i30k1.zCQxFh_HKII
"2017-05-21 03:38:54",https://sqlite.org/uri.html
"2017-05-21 03:38:26",https://www.google.com/search?q=from+urls+sqlite3&oq=from+urls+sqlite3&gs_l=serp.3...2816.7529.0.7824.17.17.0.0.0.0.168.1668.11j6.17.0....0...1.1.64.serp..0.14.1362...0j46j35i39k1j0i131k1j0i20k1j0i46k1j0i67k1j0i20i46k1j46i20k1j0i3k1j0i22i30k1j33i160k1.ywJJr0XtTUY
"2017-05-21 03:38:11",http://stackoverflow.com/questions/36085378/how-to-list-all-urls-stored-in-sqlite3-history-database-of-google-chrome
"2017-05-21 03:37:52",https://www.google.com/search?q=sqlite+urls&oq=sqlite+urls&gs_l=serp.3...19814.22180.0.22988.11.11.0.0.0.0.145.1011.7j3.10.0....0...1.1.64.serp..1.9.881...0j35i39k1j0i67k1j0i20k1j0i22i30k1.1cDlSNnJXIo
"2017-05-21 03:37:40",http://stackoverflow.com/questions/6080687/parsing-mysql-sqlite-urls
"2017-05-21 03:37:30",https://ubuntuforums.org/showthread.php?t=1642173
"2017-05-21 03:37:29",https://www.google.com/search?q=Sub-process+%2Fusr%2Fbin%2Fdpkg+returned+an+error+code+(1)&oq=Sub-process+%2Fusr%2Fbin%2Fdpkg+returned+an+error+code+(1)&aqs=chrome..69i57j0l5.5094j0j4&sourceid=chrome&ie=UTF-8
"2017-05-21 03:36:14",https://www.google.com/search?q=package+udev+is+not+configured+yet&oq=package+udev+&aqs=chrome.0.0j69i57j0l4.2903j0j4&sourceid=chrome&ie=UTF-8
"2017-05-21 03:36:10",https://askubuntu.com/questions/796076/package-udev-is-not-configured-yet
"2017-05-21 03:17:06",http://stackoverflow.com/questions/6239376/sqlite-database-design-with-millions-of-url-strings-slow-bulk-import-from-cs
"2017-05-21 03:16:25",https://www.google.com/search?q=sqlite3+create+tables&oq=sqlite3+tables&gs_l=serp.1.3.0l2j0i22i30k1l2j0i22i10i30k1j0i22i30k1l3j0i22i10i30k1j0i22i30k1.50852.65018.0.67618.15.10.5.0.0.0.165.830.6j2.8.0....0...1.1.64.serp..2.13.844...35i39k1j0i20k1j0i67k1.YA2z3FFksdg
"2017-05-21 03:15:01",https://www.google.com/search?q=sqlite3+table+urls&oq=sqlite3+table+urls&gs_l=serp.3...2251.4857.0.5233.5.5.0.0.0.0.137.486.1j3.4.0....0...1.1.64.serp..1.3.348...0j0i22i10i30k1j0i22i30k1j33i160k1.9-_TI0QFd-o
"2017-05-21 03:14:54",https://www.sqlite.org/faq.html#q7
"2017-05-21 03:14:20",https://www.google.com/search?q=sqlite3+table+&oq=sqlite3+table+&gs_l=serp.3..0l10.159372.170377.0.173955.24.20.4.0.0.0.202.2203.4j14j1.19.0....0...1.1.64.serp..1.23.2207.6..35i39k1j0i67k1j0i131k1j0i20k1j0i22i10i30k1j0i22i30k1.GPjx9y6KemM
"2017-05-21 03:12:47",http://stackoverflow.com/questions/82875/how-to-list-the-tables-in-an-sqlite-database-file-that-was-opened-with-attach
"2017-05-21 03:09:51",https://www.google.com/search?q=no+such+table+urls+sqlite3&oq=no+such+table+urls+sqlite3&gs_l=serp.3...2361.8872.0.9089.16.16.0.0.0.0.124.1210.7j5.12.0....0...1.1.64.serp..4.10.1015...33i160k1j33i21k1.CwwryNTkG0g
"2017-05-21 03:09:49",https://www.google.com/search?q=no+such+table+sqlite3&oq=no+such+table+sqlite3&gs_l=serp.3..0j0i30k1j0i5i30k1l2j0i8i30k1l5j0i8i10i30k1.4162.4162.0.5354.1.1.0.0.0.0.279.279.2-1.1.0....0...1.1.64.serp..0.1.278.0iQYmGZgubE
"2017-05-21 03:09:44",http://stackoverflow.com/questions/12103244/no-such-table-error
"2017-05-21 03:08:00",https://www.sqlite.org/faq.html
"2017-05-21 03:07:51",https://www.sqlite.org/download.html
"2017-05-21 03:05:42",https://www.google.com/search?q=where+is+sqlite_master&oq=where+is+sqlite_master&gs_l=serp.3...3930.4137.0.4481.3.3.0.0.0.0.109.306.2j1.3.0....0...1.1.64.serp..1.0.0.OEt04CDa7Eo
"2017-05-21 03:05:36",https://www.google.com/search?q=where+is+sql_master&oq=where+is+sql_master&aqs=chrome..69i57j0.3511j0j7&sourceid=chrome&ie=UTF-8
"2017-05-21 03:03:47",http://stackoverflow.com/questions/35759217/how-to-resolve-an-sqllite-no-such-table-error
"2017-05-21 03:03:40",http://stackoverflow.com/questions/672829/sqlite3-gives-no-such-table-error-on-iphone
"2017-05-21 03:02:10",http://stackoverflow.com/questions/30625183/sqlite3-error-no-such-table-when-checking-if-table-exists
"2017-05-21 02:57:16",https://github.com/pallets/flask/issues/853
"2017-05-21 02:57:10",http://flask.pocoo.org/community/
"2017-05-21 02:56:32",https://www.google.com/search?q=no+such+table+urls&oq=no+such+table+urls&aqs=chrome..69i57.5351j0j7&sourceid=chrome&ie=UTF-8
"2017-05-21 02:56:29",http://stackoverflow.com/questions/6157152/no-such-table-error-when-running-a-django-server-from-eclipse
"2017-05-21 02:45:02",https://unix.stackexchange.com/questions/237324/any-possibility-to-execute-shell-script-from-java-file
"2017-05-21 02:44:57",https://www.google.com/search?q=java+execute+shell+script&oq=run+shell+in+java&gs_l=serp.1.0.0i71k1l8.0.0.0.3938.0.0.0.0.0.0.0.0..0.0....0...1..64.serp..0.0.0.G26Sim1Lb-M
"2017-05-21 02:44:42",http://stackoverflow.com/questions/525212/how-to-run-unix-shell-script-from-java-code
"2017-05-21 02:40:32",http://stackoverflow.com/questions/30622160/running-a-shell-script-from-java-code
"2017-05-21 02:40:26",https://www.google.com/search?q=run+shell+in+java&oq=run+shell+in+java&aqs=chrome..69i57j0l5.2631j0j7&sourceid=chrome&ie=UTF-8
"2017-05-21 02:40:25",https://www.mkyong.com/java/how-to-execute-shell-command-from-java/
"2017-05-21 02:34:51",http://stackoverflow.com/questions/34536543/redirecting-here-document-delimited-by-end-of-file
"2017-05-21 02:34:49",https://www.google.com/search?q=delimited+by+end-of-file+(wanted+eof%27)&oq=delimited+by+end-of-file&aqs=chrome.0.69i59j69i57j0l2j69i60j0.10032j0j4&sourceid=chrome&ie=UTF-8
"2017-05-21 02:34:32",http://stackoverflow.com/questions/18660798/here-document-delimited-by-end-of-file
"2017-05-21 02:32:51",http://stackoverflow.com/questions/29052246/incomplete-sql-error-in-sqlite-database
"2017-05-21 02:30:41",https://www.google.com/search?q=incomplete+SQL+bash+script&oq=incomplete+SQL+bash+script+&aqs=chrome..69i57.6303j0j4&sourceid=chrome&ie=UTF-8
"2017-05-21 02:30:34",https://gist.github.com/esperlu/943776
"2017-05-21 02:30:10",https://bbs.archlinux.org/viewtopic.php?id=79104
"2017-05-21 02:29:02",http://sqlite.1065341.n5.nabble.com/Strange-error-quot-Incomplete-SQL-quot-td32433.html
"2017-05-21 02:19:34",http://stackoverflow.com/questions/5741060/create-a-shell-script-to-run-sqlite-commands-from-php-in-ubuntu
"2017-05-21 02:19:31",https://www.google.com/search?site=&source=hp&q=incluyding+sqllite+in+shell+script%5C&oq=incluyding+sqllite+in+shell+script%5C&gs_l=hp.3...2145.5560.0.7520.36.22.0.0.0.0.290.2608.0j14j2.16.0....0...1.1.64.hp..20.14.2241.0..0j35i39k1j0i67k1j0i20k1j0i13k1j0i13i30k1j0i13i5i30k1j0i8i13i30k1j33i160k1j33i21k1.6T4RS7KtWFg
"2017-05-21 02:19:23",https://www.google.com/
"2017-05-21 02:09:03",https://mailliststock.wordpress.com/2007/03/01/sqlite-examples-with-bash-perl-and-python/
"2017-05-21 02:09:01",https://www.google.com/search?biw=1536&bih=759&q=sqlite3+script+bash&oq=sqlite3+script+bash&gs_l=serp.3..35i39k1j0i22i30k1l2.1747.2931.0.3074.6.6.0.0.0.0.100.547.4j2.6.0....0...1.1.64.serp..0.6.542...0j0i22i10i30k1.ptygXZi3eIk
"2017-05-21 02:08:58",https://www.google.com/search?biw=1536&bih=759&q=sqlite3+script+sh&oq=sqlite3+script+sh&gs_l=serp.3..0i22i30k1l9.685.1588.0.1741.3.3.0.0.0.0.93.270.3.3.0....0...1.1.64.serp..0.3.269...0j0i22i10i30k1.iiHoD_HNzA4
"2017-05-21 02:08:50",http://stackoverflow.com/questions/8643403/shell-scripting-sqlite
"2017-05-21 02:08:46",https://www.google.com/search?q=sqlite3+script&spell=1&sa=X&ved=0ahUKEwiGrIK47v_TAhVMQyYKHbEhDoYQvwUIJCgA&biw=1536&bih=759&dpr=1.25
"2017-05-21 02:08:44",http://stackoverflow.com/questions/11643611/execute-sqlite-script
"2017-05-21 02:04:07",http://stackoverflow.com/questions/34625392/running-sqlite3-script-inside-bash
"2017-05-21 02:04:06",https://www.google.com/search?q=sqlite3+script+bash&oq=sqlite3+script+&gs_l=serp.3.1.0i20k1j0j0i22i30k1l5j0i22i10i30k1j0i22i30k1l2.4358.6004.0.7093.5.4.1.0.0.0.234.579.0j1j2.3.0....0...1.1.64.serp..1.4.580.wn_d033dUMc
"2017-05-21 02:03:40",https://www.google.com/search?q=sqlite3+script&oq=sqlite3+script&gs_l=serp.3..35i39k1j0i20k1j0j0i22i30k1l4j0i22i10i30k1j0i22i30k1l2.2395.8273.0.8489.16.15.1.0.0.0.184.1381.0j9.9.0....0...1.1.64.serp..6.10.1382...0i67k1j0i131k1.Kjya3iOPt8g
"2017-05-21 02:03:19",https://www.sqlite.org/quickstart.html
"2017-05-21 02:03:08",http://stackoverflow.com/questions/21758769/running-a-sqlite3-script-from-command-line
"2017-05-21 02:01:54",https://www.google.com/search?q=running+shell+script+within+javascript&oq=running+shell+script+within+javascript&aqs=chrome..69i57j0l5.10087j0j7&sourceid=chrome&ie=UTF-8
"2017-05-21 02:01:50",http://stackoverflow.com/questions/1880198/how-to-execute-shell-command-in-javascript
"2017-05-21 01:58:37",http://stackoverflow.com/questions/24894627/how-to-get-browsing-history-using-history-api-in-chrome-extension
"2017-05-21 01:58:35",https://www.google.com/search?q=chrome.history.search+example&oq=chrome.history&aqs=chrome.3.69i57j0l5.4919j0j4&sourceid=chrome&ie=UTF-8
"2017-05-21 01:57:20",https://github.com/westinn/runescape-music-extension/raw/master/scripts/background.js
"2017-05-21 01:57:20",https://raw.githubusercontent.com/westinn/runescape-music-extension/master/scripts/background.js
"2017-05-21 01:57:17",https://github.com/westinn/runescape-music-extension/blob/master/scripts/background.js
"2017-05-21 01:57:14",https://github.com/westinn/runescape-music-extension/tree/master/scripts
"2017-05-21 01:57:14",https://github.com/westinn/runescape-music-extension
"2017-05-21 01:53:54",https://github.com/westinn
"2017-05-21 01:53:52",https://www.google.com/search?q=github.com%2Fwestinn&oq=github.com%2Fwestinn&gs_l=serp.12...3286.4198.0.6614.2.2.0.0.0.0.141.280.0j2.2.0....0...1.1.64.serp..0.0.0.ukCegHXMcug
"2017-05-21 01:53:45",https://www.google.com/search?q=github.com%2Fwestyinn%5C&oq=github.com%2Fwestyinn%5C&gs_l=serp.3...1640.3728.0.3735.14.10.0.0.0.0.317.1308.0j3j2j1.6.0....0...1.1.64.serp..8.5.1085...0j0i20k1j0i30k1j0i5i30k1.Kka714ZB7Vo
"2017-05-21 01:53:40",https://www.google.com/search?q=github&oq=gi&aqs=chrome.2.69i57j69i60j0l2j69i60l2.7298j0j7&sourceid=chrome&ie=UTF-8
"2017-05-21 01:52:32",https://www.google.com/search?q=sqlite3+scirpt&oq=sqlite3+scirpt&gs_l=serp.3..33i160k1.1674.4465.0.4601.14.13.0.0.0.0.256.1376.3j5j2.10.0....0...1.1.64.serp..4.10.1373...0j0i67k1j0i22i30k1.T-Jh7uddEao
"2017-05-21 01:52:29",https://www.google.com/search?q=my+history+text+file&oq=my+history+text+file&gs_l=serp.3...2703.15687.0.15959.10.10.0.0.0.0.172.1115.0j8.8.0....0...1.1.64.serp..2.7.942...0j0i67k1j0i22i30k1j0i22i10i30k1j33i21k1.vqssrh4KWn0
"2017-05-21 01:52:28",https://www.google.com/search?q=my+history&oq=personal+internet+search+history&gs_l=serp.1.7.0i71k1l8.0.0.0.13517.0.0.0.0.0.0.0.0..0.0....0...1..64.serp..0.0.0.CNG89DfvhH4
"2017-05-21 01:52:25",http://alvinalexander.com/android/sqlite-script-read-execute-how
"2017-05-21 01:52:13",http://www.peanutallergy.com/boards/uno-chicago-grill
"2017-05-21 01:45:49",http://stackoverflow.com/questions/2380553/sqlite-run-multi-line-sql-script-from-file
"2017-05-21 01:44:28",https://superuser.com/questions/602252/can-chrome-browser-history-be-exported-to-an-html-file
"2017-05-21 01:44:27",https://gist.github.com/TravelingTechGuy/7ac464f6cccde912a6ec7a1e2f8aa96a
"2017-05-21 01:39:02",https://gist.github.com/TravelingTechGuy/7ac464f6cccde912a6ec7a1e2f8aa96a#file-get_history-sh-L2
"2017-05-21 01:39:00",https://gist.githubusercontent.com/TravelingTechGuy/7ac464f6cccde912a6ec7a1e2f8aa96a/raw/d2caef00f67f41738f48e28cbad2a87269281083/get_history.sh
"2017-05-21 01:37:15",https://www.google.com/search?q=%27)sqlscript.sh%3A+line+7%3A+warning%3A+here-document+at+line+2+delimited+by+end-of-file+(wanted+%60!+Error%3A+incomplete+SQL%3A+!&oq=%27)sqlscript.sh%3A+line+7%3A+warning%3A+here-document+at+line+2+delimited+by+end-of-file+(wanted+%60!+Error%3A+incomplete+SQL%3A+!&aqs=chrome..69i57.423j0j7&sourceid=chrome&ie=UTF-8
"2017-05-21 01:34:06",https://askubuntu.com/questions/485567/unexpected-end-of-file
"2017-05-21 01:32:34",http://stackoverflow.com/questions/27201004/line-54-warning-here-document-at-line-42-delimited-by-end-of-file-wanted-eof
"2017-05-21 01:29:25",https://gist.github.com/TravelingTechGuy/7ac464f6cccde912a6ec7a1e2f8aa96a/raw/d2caef00f67f41738f48e28cbad2a87269281083/get_history.sh
"2017-05-21 01:17:39",http://www.thegeekstuff.com/2011/07/install-sqlite3/
"2017-05-21 01:17:38",https://askubuntu.com/questions/208393/unable-to-locate-package-sqlite3
"2017-05-21 01:17:37",http://stackoverflow.com/questions/5933565/how-to-create-initialize-the-file-object-using-file-path-html5
"2017-05-21 01:17:36",http://play.pokemonshowdown.com/teambuilder
"2017-05-21 01:16:38",http://www.super-resume.com/end?p=1#__
"2017-05-21 01:16:38",http://www.super-resume.com/end?p=1#
"2017-05-21 01:15:37",http://www.super-resume.com/end#__
"2017-05-21 01:15:37",http://www.super-resume.com/end#
"2017-05-21 01:15:32",http://www.super-resume.com/ResumeBuilder.jtp#__
"2017-05-21 01:15:32",http://www.super-resume.com/ResumeBuilder.jtp#
"2017-05-21 01:15:26",http://www.super-resume.com/resume-examples#__
"2017-05-21 01:15:26",http://www.super-resume.com/resume-examples#
"2017-05-21 01:15:25",http://www.super-resume.com/resume-templates#__
"2017-05-21 01:15:25",http://www.super-resume.com/resume-templates#
"2017-05-21 01:15:23",http://www.sqlite.org/download.html
"2017-05-21 01:15:22",http://www.super-resume.com/#__
"2017-05-21 01:15:22",http://www.super-resume.com/#
"2017-05-21 01:15:21",http://www.sqlite.org/changes.html
"2017-05-21 01:15:21",https://href.li/?http://www.super-resume.com/#__
"2017-05-21 01:09:55",https://www.google.com/search?q=delimited+by+end-of-file+(wanted+eof%27)&oq=delimited+by+&aqs=chrome.1.69i57j0l5.5591j0j7&sourceid=chrome&ie=UTF-8
"2017-05-21 01:06:50",https://www.google.com/search?q=incomplete+sql+&oq=incomplete+sql+&gs_l=serp.3..0i22i30k1l10.1071.1071.0.2887.1.1.0.0.0.0.196.196.0j1.1.0....0...1.1.64.serp..0.1.195.Tdmgg_0wrI4
"2017-05-21 01:06:33",http://stackoverflow.com/questions/43745556/error-message-incomplete-sql-p
"2017-05-21 01:04:07",http://stackoverflow.com/questions/8085476/sqlite3-error-executing-sql-from-file
"2017-05-21 01:04:00",https://www.google.com/search?q=incomplete+sql+!&oq=incomplete+sql+!&aqs=chrome..69i57j0l5.8071j0j7&sourceid=chrome&ie=UTF-8
"2017-05-21 01:02:39",http://stackoverflow.com/questions/37475551/error-incomplete-sql-ls
"2017-05-21 01:00:29",https://www.facebook.com/
"2017-05-21 01:00:25",http://live.metrohacks.co/#guides
"2017-05-21 01:00:24",https://support.google.com/chrome/answer/95589
"2017-05-21 01:00:23",http://ufldl.stanford.edu/tutorial/supervised/MultiLayerNeuralNetworks/
"2017-05-21 01:00:20",https://bitbucket.org/xerial/sqlite-jdbc/downloads/
"2017-05-21 01:00:18",https://www.tutorialspoint.com/java/java_documentation.htm
"2017-05-21 01:00:17",https://www.google.com/search?q=website+default+file+location&oq=website+default+file+location&aqs=chrome..69i57j0l5.10567j0j7&sourceid=chrome&ie=UTF-8
"2017-05-21 01:00:09",http://www.sqlitetutorial.net/sqlite-java/sqlite-jdbc-driver/
"2017-05-21 01:00:05",http://www.typingtest.com/result.html?acc=100&nwpm=66&gwpm=66&ncpm=331&gcpm=331&dur=60&time=60&chksum=33113&unit=wpm&kh=998&td=null&err=0&hits=331
"2017-05-21 00:46:21",http://www.typingtest.com/test.html?minutes=1&textfile=aesop.txt
"2017-05-21 00:46:17",http://www.typingtest.com/
"2017-05-21 00:46:15",https://www.google.com/search?q=type+test&oq=type+test&aqs=chrome..69i57j0l5.6991j0j7&sourceid=chrome&ie=UTF-8
"2017-05-21 00:40:47",https://www.google.com/search?q=sqlite+download+bash&oq=sqlite+download+bash&gs_l=serp.3..0j0i67k1j0l8.1333.2092.0.2253.5.5.0.0.0.0.253.253.2-1.1.0....0...1.1.64.serp..4.1.252.0PIDw5DJp6Y
"2017-05-21 00:40:44",https://iqbalnaved.wordpress.com/2014/07/10/how-to-install-sqlite-3-8-2-on-ubuntu-14-04-and-commands-for-creating-database-and-tables/
"2017-05-21 00:39:06",http://www.hostingadvice.com/how-to/untar-file-linuxubuntu/
"2017-05-21 00:39:05",https://www.google.com/search?q=untar&oq=untar+&aqs=chrome..69i57j0l5.2360j0j4&sourceid=chrome&ie=UTF-8
"2017-05-21 00:39:03",https://www.pendrivelinux.com/how-to-open-a-tar-file-in-unix-or-linux/
"2017-05-21 00:38:17",https://www.google.com/search?q=sqlite+download&oq=sqlite+down&aqs=chrome.0.0j69i57j0l4.2487j0j7&sourceid=chrome&ie=UTF-8
"2017-05-21 00:38:06",http://www.sqlitetutorial.net/download-install-sqlite/
"2017-05-21 00:35:31",https://askubuntu.com/questions/86849/how-to-unzip-a-zip-file-from-the-terminal
"2017-05-21 00:35:29",https://www.google.com/search?q=unzip+linux&oq=unzip+linux&aqs=chrome.0.0l6.3135j0j7&sourceid=chrome&ie=UTF-8
"2017-05-21 00:33:09",https://www.google.com/search?q=unable+to+locate+package+sqlite3&oq=sudo+apt-get+install+sqlite3&gs_l=serp.1.3.0i71k1l8.0.0.0.7476.0.0.0.0.0.0.0.0..0.0....0...1..64.serp..0.0.0.dlcgLT3Yud8
"2017-05-21 00:33:01",https://www.google.com/search?q=sudo+apt-get+install+sqlite3&oq=sudo+apt+get+install+sql&aqs=chrome.1.69i57j0l5.7512j0j7&sourceid=chrome&ie=UTF-8
"2017-05-21 00:32:06",https://theplana.wordpress.com/2007/05/11/install-sqlite3-on-ubuntu/
"2017-05-21 00:16:12",https://www.google.com/search?q=javascript+file+object+from+path&oq=js+file+object&gs_l=serp.1.0.0i71k1l8.0.0.0.11614.0.0.0.0.0.0.0.0..0.0....0...1..64.serp..0.0.0.6D4LCWKDme0
"2017-05-21 00:16:00",https://www.google.com/search?q=js+file+object&oq=js+file+&gs_l=serp.1.2.0i67k1l6j0j0i67k1l3.3754.3754.0.5714.1.1.0.0.0.0.162.162.0j1.1.0....0...1.1.64.serp..0.1.162.fHxQC-XsM-Y
"2017-05-21 00:15:47",http://stackoverflow.com/questions/8390855/how-to-instantiate-a-file-object-in-javascript
"2017-05-21 00:15:37",https://developer.mozilla.org/en-US/docs/Web/API/File
"2017-05-21 00:15:28",https://www.google.com/search?q=js+file&oq=js+file&aqs=chrome..69i57j0l2j69i61j69i60j0.831j0j7&sourceid=chrome&ie=UTF-8
"2017-05-20 23:49:09",http://play.pokemonshowdown.com/
"2017-05-20 23:49:06",http://pokemonshowdown.com/
"2017-05-20 23:47:35",https://www.google.com/search?q=uno+allergy+info&oq=uno+allergy+info&aqs=chrome..69i57j0.5079j0j7&sourceid=chrome&ie=UTF-8
"2017-05-20 23:47:29",https://www.unos.com/nutrition.php
"2017-05-20 23:17:09",https://msdn.microsoft.com/en-us/library/34c29fes(v=vs.100).aspx
"2017-05-20 23:10:19",https://www.google.com/search?q=sqlite+java+open+database&oq=sqlite+java+open+&aqs=chrome.1.69i57j0l5.4687j0j4&sourceid=chrome&ie=UTF-8
"2017-05-20 23:05:18",https://www.tutorialspoint.com/sqlite/sqlite_java.htm
"2017-05-20 23:05:15",https://www.google.com/search?q=sqlite3+java+&oq=sqlite3+java+&gs_l=serp.3..0j0i22i10i30k1l3j0i22i30k1j0i22i10i30k1l4j0i22i30k1.5315.9734.0.9991.15.13.1.0.0.0.517.1593.0j4j2j5-1.7.0....0...1.1.64.serp..8.7.1075...35i39k1j0i20k1.9FJJonDeSlY
"2017-05-20 23:05:04",https://www.google.com/search?q=sqlite3+java&oq=sqlite3+java&gs_l=serp.3..0i71k1l8.4245.4245.0.4468.1.1.0.0.0.0.0.0..0.0....0...1.1.64.serp..1.0.0.C7UOP5cbFCc
"2017-05-20 23:04:05",https://bitbucket.org/xerial/sqlite-jdbc/downloads
"2017-05-20 23:03:56",https://github.com/xerial/sqlite-jdbc
"2017-05-20 23:03:41",http://stackoverflow.com/questions/1525444/how-to-connect-sqlite-with-java
"2017-05-20 23:03:20",https://www.google.com/search?q=sqlite3+javascript&oq=sqlite3+java&gs_l=serp.3.1.0i20k1j0l2j0i20k1j0j0i22i10i30k1l2j0i22i30k1j0i22i10i30k1j0i22i30k1.8193.15537.0.16808.5.5.0.0.0.0.312.1029.0j3j1j1.5.0....0...1.1.64.serp..0.5.1026...0i13k1j0i13i10i30k1j0i13i30k1j35i39k1j0i67k1j0i7i10i30k1j0i7i30k1.h-v6VQJ36pw
"2017-05-20 23:03:19",http://stackoverflow.com/questions/13192643/is-it-possible-to-access-an-sqlite-database-from-javascript
"2017-05-20 23:03:04",http://html5doctor.com/introducing-web-sql-databases/
"2017-05-20 23:02:42",http://stackoverflow.com/questions/61972/javascript-sqlite
"2017-05-20 23:02:22",https://www.google.com/search?q=sqlite+java&oq=sqlite+java&gs_l=serp.3.0.0l2j0i20k1j0l7.20780.21515.0.22771.5.5.0.0.0.0.256.508.2-2.2.0....0...1.1.64.serp..3.2.506...0i67k1.cIrkOgUDfh0
"2017-05-20 23:02:01",http://www.sqlitetutorial.net/sqlite-java/
"2017-05-20 23:01:34",https://www.google.com/search?q=sqlite&oq=sqlite&aqs=chrome..69i57j35i39l2j0l3.1071j0j7&sourceid=chrome&ie=UTF-8
"2017-05-20 23:01:31",https://www.sqlite.org/
"2017-05-20 23:00:53",https://yuji.wordpress.com/2014/03/10/export-chrome-history-as-csv-spreadsheet/
"2017-05-20 22:59:17",https://www.ampercent.com/export-google-chrome-history-csv-text-html/8900/
"2017-05-20 22:58:21",http://www.google.com/support/chrome/bin/answer.py?answer=95589
"2017-05-20 22:58:21",https://www.google.com/support/chrome/bin/answer.py?answer=95589
"2017-05-20 22:52:48",https://productforums.google.com/d/topic/chrome/YQ4GAow9uMs
"2017-05-20 22:52:48",https://productforums.google.com/forum/#!topic/chrome/YQ4GAow9uMs
"2017-05-20 22:52:12",https://www.google.com/search?q=personal+internet+search+history&oq=personal+internet+search+history+&aqs=chrome..69i57.8159j0j7&sourceid=chrome&ie=UTF-8
"2017-05-20 22:30:23",http://live.metrohacks.co/#main
"2017-05-20 22:30:22",http://live.metrohacks.co/#program
"2017-05-20 22:27:10",http://live.metrohacks.co/#sessions
"2017-05-20 22:27:06",http://live.metrohacks.co/#mentor
"2017-05-20 22:26:23",http://live.metrohacks.co/
"2017-05-20 22:25:10",http://metrohacks.co/
"2017-05-20 22:24:57",https://www.google.com/search?q=metrohacks&oq=metrohacks&aqs=chrome..69i57j0l5.1863j0j7&sourceid=chrome&ie=UTF-8
"2017-05-20 22:08:37",https://docs.google.com/document/d/1wmC8RL65XNdiyqToXvdjvo2ev1lAbFtBJTNFzF64BnM/edit
"2017-05-20 22:08:34",https://docs.google.com/document/d/1wmC8RL65XNdiyqToXvdjvo2ev1lAbFtBJTNFzF64BnM/edit?usp=drive_web
"2017-05-20 22:08:29",https://drive.google.com/drive/my-drive
"2017-05-20 22:08:27",https://drive.google.com/drive/
"2017-05-20 21:47:27",https://www.youtube.com/
"2017-05-20 21:47:27",https://www.youtube.com/watch?v=s2rHn28wyvI
"2017-05-20 21:44:42",https://www.youtube.com/watch?v=Mh5LY4Mz15o
"2017-05-20 21:43:55",https://www.youtube.com/watch?v=xuCn8ux2gbs
"2017-05-20 21:34:47",https://github.com/aknh9189/code/blob/master/other/emailCrawler/words.txt
"2017-05-20 21:34:43",https://l.facebook.com/l.php?u=https%3A%2F%2Fgithub.com%2Faknh9189%2Fcode%2Fblob%2Fmaster%2Fother%2FemailCrawler%2Fwords.txt&h=ATP48ZziQVM5IsT45TsQrLsgWggR-JYcgLdWSfhaBs9n4eabClDWzPsTqTAJtjBhEl98l2nsU8xaHYa6ytY9tmVW2NDWCniU6ZeIau86c5NsN890ogaS4uHma0g1xdNKl7-V7ZpS34HdHg
"2017-05-20 21:27:34",https://www.google.com/search?q=youtube&oq=youtu&aqs=chrome.1.69i57j35i39j0l4.1568j0j7&sourceid=chrome&ie=UTF-8
"2017-05-20 21:22:31",https://ide.cs50.io/shan3011/guise-camo
"2017-05-20 21:18:33",http://stackoverflow.com/questions/21985397/removing-duplicate-values-from-arraylist
"2017-05-20 21:18:30",https://www.google.com/search?q=delete+duplicates+in+arraylist&oq=delete+duplicates+in+arraylist&aqs=chrome.0.0l6.5232j0j4&sourceid=chrome&ie=UTF-8
"2017-05-20 21:17:22",http://stackoverflow.com/questions/203984/how-do-i-remove-repeated-elements-from-arraylist
"2017-05-20 21:09:51",http://stackoverflow.com/questions/7593969/regex-to-split-camelcase-or-titlecase-advanced
"2017-05-20 21:09:48",https://www.google.com/search?q=split+string+on+camelcase&oq=split+string+camel&aqs=chrome.1.69i57j0l5.6167j0j7&sourceid=chrome&ie=UTF-8
"2017-05-20 21:05:51",https://www.google.com/search?q=method+to+parse+string+for+real+words&oq=method+to+parse+string+for+real+words&aqs=chrome..69i57.6296j0j7&sourceid=chrome&ie=UTF-8
"2017-05-20 20:49:11",https://github.com/first20hours/google-10000-english/raw/master/20k.txt
"2017-05-20 20:49:11",https://raw.githubusercontent.com/first20hours/google-10000-english/master/20k.txt
"2017-05-20 20:49:06",https://github.com/first20hours/google-10000-english/blob/master/20k.txt
"2017-05-20 20:48:54",https://github.com/first20hours/google-10000-english
"2017-05-20 20:48:20",https://github.com/first20hours/google-10000-english/blob/master/google-10000-english.txt
"2017-05-20 20:48:14",https://www.google.com/search?q=list+of+common+english+words+text+file&oq=list+of+english+words+text+file+&gs_l=serp.3.2.0i22i30k1l3.6811.6811.0.9178.1.1.0.0.0.0.528.528.5-1.1.0....0...1.1.64.serp..0.1.528.4ua6BsgnGEY
"2017-05-20 20:48:04",https://www.google.com/search?q=list+of+english+words+text+file&oq=dictionary+text+file&gs_l=serp.1.0.0i71k1l8.0.0.0.10640.0.0.0.0.0.0.0.0..0.0....0...1..64.serp..0.0.0.AQChDNblmHU
"2017-05-20 20:48:04",http://www-personal.umich.edu/~jlawler/wordlist.html
"2017-05-20 20:48:02",http://www-personal.umich.edu/~jlawler/wordlist
"2017-05-20 20:47:42",https://www.google.com/search?q=dictionary+text+file&oq=dictionary+text+file&gs_l=serp.3..35i39k1j0i20k1j0l4j0i22i30k1l4.1531.4315.0.4442.20.16.0.0.0.0.308.1882.0j6j3j1.10.0....0...1.1.64.serp..13.7.1151...0i67k1j0i131k1j33i160k1.yduvXxdrLMA
"2017-05-20 20:47:42",http://www-01.sil.org/linguistics/wordlists/english/
"2017-05-20 20:47:40",http://www-01.sil.org/linguistics/wordlists/english/wordlist/wordsEn.txt
"2017-05-20 20:47:20",https://github.com/dwyl/english-words
"2017-05-20 20:47:20",https://github.com/dwyl/english-words/blob/master/words2.txt
"2017-05-20 20:47:16",https://github.com/dwyl/english-words/blob/master/words2.txt?raw=true
"2017-05-20 20:47:16",https://github.com/dwyl/english-words/raw/master/words2.txt
"2017-05-20 20:47:16",https://raw.githubusercontent.com/dwyl/english-words/master/words2.txt
"2017-05-20 20:46:59",https://github.com/dwyl/english-words/raw/master/words.txt
"2017-05-20 20:46:59",https://raw.githubusercontent.com/dwyl/english-words/master/words.txt
"2017-05-20 20:46:59",https://github.com/dwyl/english-words/blob/master/words.txt?raw=true
"2017-05-20 20:46:56",https://github.com/dwyl/english-words/blob/master/words.txt
"2017-05-20 20:46:38",http://stackoverflow.com/questions/4456446/dictionary-text-file
"2017-05-20 20:46:35",http://aspell.net/
"2017-05-20 20:46:29",http://wordnet.princeton.edu/
"2017-05-20 20:46:25",http://wordnet.princeton.edu/wordnet/download/
"2017-05-20 20:46:11",https://raw.githubusercontent.com/sujithps/Dictionary/master/Oxford%20English%20Dictionary.txt
"2017-05-20 20:45:41",http://wordlist.aspell.net/
"2017-05-20 20:45:40",https://sourceforge.net/projects/wordlist/files/SCOWL/2017.01.22/scowl-2017.01.22.tar.gz/download?use_mirror=managedway
"2017-05-20 20:45:39",https://sourceforge.net/projects/wordlist/postdownload?source=dlp
"2017-05-20 20:44:45",http://downloads.sourceforge.net/wordlist/scowl-2017.01.22.tar.gz
"2017-05-20 20:44:33",http://wordlist.sourceforge.net/
"2017-05-20 20:43:49",http://www.gwicks.net/dictionaries.htm
"2017-05-20 20:43:36",https://sourceforge.net/projects/wordlist/files/SCOWL/2017.01.22/scowl-2017.01.22.tar.gz/download?use_mirror=svwh
"2017-05-20 20:39:07",https://www.google.com/search?q=dictionary+api&oq=dictionary+api&aqs=chrome..69i57j0l5.5184j0j4&sourceid=chrome&ie=UTF-8
"2017-05-20 20:39:03",https://www.programmableweb.com/category/dictionary/api
"2017-05-20 20:38:46",https://developer.oxforddictionaries.com/
"2017-05-20 20:38:37",https://www.dictionaryapi.com/
"2017-05-20 20:38:25",http://stackoverflow.com/questions/11607270/how-to-check-whether-given-string-is-a-word
"2017-05-20 20:37:52",https://googlesystem.blogspot.com/2009/12/on-googles-unofficial-dictionary-api.html#gsc.tab=0
"2017-05-20 20:37:51",http://googlesystem.blogspot.com/2009/12/on-googles-unofficial-dictionary-api.html
"2017-05-20 20:37:51",https://googlesystem.blogspot.com/2009/12/on-googles-unofficial-dictionary-api.html
"2017-05-20 20:37:46",http://lookup.t-mobile.com/index.php?origURL=http%3A//developer.dictionary.com/&r=http%3A//stackoverflow.com/questions/11607270/how-to-check-whether-given-string-is-a-word&bc=
"2017-05-20 20:37:45",http://developer.dictionary.com/
"2017-05-20 20:37:35",http://www.dictionaryapi.com/
"2017-05-20 20:37:04",https://www.google.com/search?q=java+check+if+word+is+in+dictionary&oq=java+if+is+word&aqs=chrome.2.69i57j0l5.4695j0j7&sourceid=chrome&ie=UTF-8
"2017-05-20 20:34:52",https://en.wikipedia.org/wiki/Special:Random
"2017-05-20 20:34:52",https://en.wikipedia.org/wiki/ReconcilingWorks
"2017-05-20 20:34:42",https://en.wikipedia.org/
"2017-05-20 20:34:42",https://en.wikipedia.org/wiki/Main_Page
"2017-05-20 20:34:39",http://www.wikipedia.org/
"2017-05-20 20:34:39",https://www.wikipedia.org/
"2017-05-20 20:34:27",https://www.google.com/doodles/
"2017-05-20 20:34:04",https://www.reddit.com/r/popular/
"2017-05-20 20:33:56",https://www.reddit.com/r/random/
"2017-05-20 20:33:56",https://www.reddit.com/r/buccaneers/
"2017-05-20 20:33:55",https://www.reddit.com/r/arielwinter/
"2017-05-20 20:33:53",https://www.reddit.com/r/theydidthemonstermath/
"2017-05-20 20:33:49",https://www.reddit.com/r/MachinePorn/
"2017-05-20 20:33:48",https://www.reddit.com/controversial/
"2017-05-20 20:33:45",https://www.reddit.com/
"2017-05-20 20:33:43",https://www.google.com/search?q=reddit&oq=reddit&aqs=chrome..69i57j0l5.6503j0j7&sourceid=chrome&ie=UTF-8
"2017-05-20 20:29:22",http://stackoverflow.com/questions/11149759/remove-all-non-alphabetic-characters-from-a-string-array-in-java
"2017-05-20 20:29:20",https://www.google.com/search?q=non+alphabetic+characters+in+java&oq=non+alphabetic+character+&gs_l=serp.1.5.0j0i22i30k1j0i22i10i30k1l3j0i22i30k1l5.6882.18161.0.22223.19.19.0.0.0.0.220.1739.0j10j2.12.0....0...1.1.64.serp..7.12.1734...0i67k1j0i131k1j35i39k1j0i20k1j0i10k1.9esdDCe81B0
"2017-05-20 20:28:57",https://www.google.com/search?q=parsing+for+real+words+java&oq=parsing+for+real+words+java&gs_l=serp.3...14297.17159.0.17319.9.8.0.0.0.0.229.460.0j2j1.3.0....0...1.1.64.serp..7.0.0.XooJM6L4g3o
"2017-05-20 20:28:56",http://stackoverflow.com/questions/2307326/java-how-to-parse-for-words-in-a-string-for-a-specific-word
"2017-05-20 20:28:35",https://www.google.com/search?q=parsing+words+java&oq=parsing+words+java&gs_l=serp.3..0i22i30k1l3.318100.328780.0.329052.25.23.1.0.0.0.282.2703.0j11j5.16.0....0...1.1.64.serp..8.17.2699...0j35i39k1j0i67k1j0i20k1.dVGzQVIznK4
"2017-05-20 20:28:24",http://stackoverflow.com/questions/5785094/java-selecting-words-from-a-string
"2017-05-20 20:25:57",https://cs50.io/account/settings
"2017-05-20 20:25:55",https://cs50.io/jkim99
"2017-05-20 20:25:44",https://cs50.io/new
"2017-05-20 20:25:39",https://cs50.io/account
"2017-05-20 20:22:45",https://www.google.com/search?q=finding+words+api&oq=finding+words+api&gs_l=serp.3...11627.15410.0.15921.17.15.0.0.0.0.321.2105.0j6j3j2.11.0....0...1.1.64.serp..6.10.1981...0j35i39k1j0i131k1j0i67k1j0i20k1j0i22i30k1.a6CNxn2kHoM
"2017-05-20 20:22:15",https://www.wordsapi.com/
"2017-05-20 20:21:55",https://www.google.com/search?q=what+information+can+you+get+from+urls&oq=what+information+can+you+get+from+urls&aqs=chrome..69i57.9655j0j7&sourceid=chrome&ie=UTF-8
"2017-05-20 20:12:44",https://www.google.com/search?q=java+comment+format&oq=java+comment+&aqs=chrome.3.69i57j0l5.5167j0j7&sourceid=chrome&ie=UTF-8
"2017-05-20 20:06:54",http://stackoverflow.com/questions/17516049/java-removing-numeric-values-from-string
"2017-05-20 20:06:52",https://www.google.com/search?q=java+remove+all+numbers+from+string&oq=java+delete+all+numbers+&gs_l=serp.3.0.0i22i30k1l2j0i22i10i30k1j0i22i30k1.6835.11306.0.11986.30.21.0.0.0.0.318.2845.0j5j6j1.12.0....0...1.1.64.serp..18.12.2840.6..0j35i39k1j0i67k1j0i20k1.hjo12q4WNRI
"2017-05-20 20:06:39",https://www.google.com/search?q=string+contains+number+java&oq=string+contains+number+java&gs_l=serp.3..0i67k1j0j0i22i30k1l6.1313.1313.0.1465.1.1.0.0.0.0.128.128.0j1.1.0....0...1.1.64.serp..0.1.127.c2SlacpuZOo
"2017-05-20 20:02:58",http://stackoverflow.com/questions/18590901/check-if-a-string-contains-numbers-java
"2017-05-20 20:02:52",https://www.google.com/search?q=string+contains+number+javascript&oq=string+contains+number+java&aqs=chrome.0.0j69i57j0l4.4751j0j7&sourceid=chrome&ie=UTF-8
"2017-05-20 19:59:55",http://www.pagetraffic.com/blog/most-popular-keywords-on-search-engines
"2017-05-20 19:59:52",https://www.google.com/search?q=most+searched+words&oq=most+searched+words&gs_l=serp.3..0j0i20k1j0l8.3483.6114.0.6515.19.16.0.0.0.0.317.2931.0j3j7j2.12.0....0...1.1.64.serp..7.12.2927...35i39k1j0i67k1j0i131k1j0i10k1.OzfMwTQ3gdk
"2017-05-20 19:59:46",http://www.siegemedia.com/seo/most-popular-keywords
"2017-05-20 19:59:34",https://www.google.com/search?q=bing+trends&oq=bing+trends&aqs=chrome..69i57j0l5.1424j0j4&sourceid=chrome&ie=UTF-8
"2017-05-20 19:59:32",https://www.quora.com/Why-doesnt-Yahoo-Bing-offer-a-Google-Trends-equivalent-tool-Do-they-not-have-the-technological-capabilities-I-manage-millions-of-dollars-at-a-large-SEM-manager-and-I-know-this-tool-is-vital-to-large-scale-search-marketers
"2017-05-20 19:59:24",https://www.bing.com/toolbox/keywords
"2017-05-20 19:59:12",https://www.bing.com/webmaster/diagnostics/keyword/research
"2017-05-20 19:59:12",https://www.bing.com/webmaster
"2017-05-20 19:59:12",https://www.bing.com/webmaster/
"2017-05-20 19:59:12",https://www.bing.com/webmaster/home/mysites
"2017-05-20 19:58:47",https://www.bing.com/webmaster/diagnostics/keyword/research?rflid=1
"2017-05-20 19:58:46",https://www.bing.com/secure/Passport.aspx?requrl=https%3a%2f%2fwww.bing.com%2fwebmaster%2fdiagnostics%2fkeyword%2fresearch%3frflid%3d1&wa=wsignin1.0
"2017-05-20 19:58:46",https://login.live.com/ppsecure/post.srf?wa=wsignin1.0&rpsnv=13&ct=1495310155&rver=6.7.6636.0&wp=MBI&wreply=https:%2F%2Fwww.bing.com%2Fsecure%2FPassport.aspx%3Frequrl%3Dhttps%253a%252f%252fwww.bing.com%252fwebmaster%252fdiagnostics%252fkeyword%252fresearch%253frflid%253d1&id=264960&lc=1033&contextid=36430B2D779C6511&bk=1495310314&uaid=11cdb52d950e4863b379d7d431a635b7&pid=0
"2017-05-20 19:58:40",https://login.live.com/login.srf?wa=wsignin1.0&rpsnv=13&ct=1495310155&rver=6.7.6636.0&wp=MBI&wreply=https:%2F%2Fwww.bing.com%2Fsecure%2FPassport.aspx%3Frequrl%3Dhttps%253a%252f%252fwww.bing.com%252fwebmaster%252fdiagnostics%252fkeyword%252fresearch%253frflid%253d1&id=264960&uaid=11cdb52d950e4863b379d7d431a635b7&pid=0&contextid=36430B2D779C6511&bk=1495310216&lc=1033
"2017-05-20 19:58:33",https://login.live.com/logout.srf?ct=1495310231&rver=6.5.6510.0&lc=1033&id=38936&ru=https%3a%2f%2flogin.live.com%2flogin.srf%3fwa%3dwsignin1.0%26rpsnv%3d13%26ct%3d1495310155%26rver%3d6.7.6636.0%26wp%3dMBI%26wreply%3dhttps%3a%252F%252Fwww.bing.com%252Fsecure%252FPassport.aspx%253Frequrl%253Dhttps%25253a%25252f%25252fwww.bing.com%25252fwebmaster%25252fdiagnostics%25252fkeyword%25252fresearch%25253frflid%25253d1%26lc%3d1033%26id%3d264960%26uaid%3d11cdb52d950e4863b379d7d431a635b7%26pid%3d0%26contextid%3d36430B2D779C6511%26bk%3d1495310216&mkt=en-US&uaid=11cdb52d950e4863b379d7d431a635b7&fm=1&lru=https%3A%2F%2Flogin.live.com%2Flogin.srf%3Fwa%3Dwsignin1.0%26rpsnv%3D13%26ct%3D1495310155%26rver%3D6.7.6636.0%26wp%3DMBI%26wreply%3Dhttps%3A%252F%252Fwww.bing.com%252Fsecure%252FPassport.aspx%253Frequrl%253Dhttps%25253a%25252f%25252fwww.bing.com%25252fwebmaster%25252fdiagnostics%25252fkeyword%25252fresearch%25253frflid%25253d1%26lc%3D1033%26id%3D264960%26uaid%3D11cdb52d950e4863b379d7d431a635b7%26pid%3D0%26contextid%3D36430B2D779C6511%26bk%3D1495310216
"2017-05-20 19:57:23",https://mail.google.com/mail/u/0/#inbox/15c276f6742d4a53
"2017-05-20 19:57:19",https://mail.google.com/mail/u/0/#inbox
"2017-05-20 19:57:10",https://account.live.com/password/reset?wreply=https://login.live.com/login.srf%3fwa%3dwsignin1.0%26rpsnv%3d13%26ct%3d1495310155%26rver%3d6.7.6636.0%26wp%3dMBI%26wreply%3dhttps:%252F%252Fwww.bing.com%252Fsecure%252FPassport.aspx%253Frequrl%253Dhttps%25253a%25252f%25252fwww.bing.com%25252fwebmaster%25252fdiagnostics%25252fkeyword%25252fresearch%25253frflid%25253d1%26lc%3d1033%26id%3d264960%26uaid%3d11cdb52d950e4863b379d7d431a635b7%26pid%3d0%26contextid%3d36430B2D779C6511%26bk%3d1495310216&id=264960&uiflavor=web&uaid=11cdb52d950e4863b379d7d431a635b7&mkt=EN-US&lc=1033&bk=1495310216&mn=jonathanskim%40gmail.com
"2017-05-20 19:56:59",https://account.live.com/ResetPassword.aspx?wreply=https://login.live.com/login.srf%3fwa%3dwsignin1.0%26rpsnv%3d13%26ct%3d1495310155%26rver%3d6.7.6636.0%26wp%3dMBI%26wreply%3dhttps:%252F%252Fwww.bing.com%252Fsecure%252FPassport.aspx%253Frequrl%253Dhttps%25253a%25252f%25252fwww.bing.com%25252fwebmaster%25252fdiagnostics%25252fkeyword%25252fresearch%25253frflid%25253d1%26lc%3d1033%26id%3d264960%26uaid%3d11cdb52d950e4863b379d7d431a635b7%26pid%3d0%26contextid%3d36430B2D779C6511%26bk%3d1495310216&id=264960&uiflavor=web&uaid=11cdb52d950e4863b379d7d431a635b7&mkt=EN-US&lc=1033&bk=1495310216&mn=jonathanskim%40gmail.com
"2017-05-20 19:56:55",https://login.live.com/ppsecure/post.srf?wa=wsignin1.0&rpsnv=13&ct=1495310155&rver=6.7.6636.0&wp=MBI&wreply=https:%2F%2Fwww.bing.com%2Fsecure%2FPassport.aspx%3Frequrl%3Dhttps%253a%252f%252fwww.bing.com%252fwebmaster%252fdiagnostics%252fkeyword%252fresearch%253frflid%253d1&lc=1033&id=264960&contextid=36430B2D779C6511&bk=1495310195&uaid=11cdb52d950e4863b379d7d431a635b7&pid=0
"2017-05-20 19:56:40",https://login.live.com/ppsecure/post.srf?wa=wsignin1.0&rpsnv=13&ct=1495310155&rver=6.7.6636.0&wp=MBI&wreply=https:%2F%2Fwww.bing.com%2Fsecure%2FPassport.aspx%3Frequrl%3Dhttps%253a%252f%252fwww.bing.com%252fwebmaster%252fdiagnostics%252fkeyword%252fresearch%253frflid%253d1&lc=1033&id=264960&contextid=36430B2D779C6511&bk=1495310189&uaid=11cdb52d950e4863b379d7d431a635b7&pid=0
"2017-05-20 19:56:29",https://login.live.com/ppsecure/post.srf?wa=wsignin1.0&rpsnv=13&ct=1495310155&rver=6.7.6636.0&wp=MBI&wreply=https:%2F%2Fwww.bing.com%2Fsecure%2FPassport.aspx%3Frequrl%3Dhttps%253a%252f%252fwww.bing.com%252fwebmaster%252fdiagnostics%252fkeyword%252fresearch%253frflid%253d1&lc=1033&id=264960&contextid=36430B2D779C6511&bk=1495310184&uaid=11cdb52d950e4863b379d7d431a635b7&pid=0
"2017-05-20 19:56:24",https://login.live.com/ppsecure/post.srf?wa=wsignin1.0&rpsnv=13&ct=1495310155&rver=6.7.6636.0&wp=MBI&wreply=https:%2F%2Fwww.bing.com%2Fsecure%2FPassport.aspx%3Frequrl%3Dhttps%253a%252f%252fwww.bing.com%252fwebmaster%252fdiagnostics%252fkeyword%252fresearch%253frflid%253d1&lc=1033&id=264960&contextid=36430B2D779C6511&bk=1495310178&uaid=11cdb52d950e4863b379d7d431a635b7&pid=0
"2017-05-20 19:56:18",https://login.live.com/ppsecure/post.srf?wa=wsignin1.0&rpsnv=13&ct=1495310155&rver=6.7.6636.0&wp=MBI&wreply=https:%2F%2Fwww.bing.com%2Fsecure%2FPassport.aspx%3Frequrl%3Dhttps%253a%252f%252fwww.bing.com%252fwebmaster%252fdiagnostics%252fkeyword%252fresearch%253frflid%253d1&lc=1033&id=264960&contextid=36430B2D779C6511&bk=1495310167&uaid=11cdb52d950e4863b379d7d431a635b7&pid=0
"2017-05-20 19:56:07",https://login.live.com/ppsecure/post.srf?wa=wsignin1.0&rpsnv=13&ct=1495310155&rver=6.7.6636.0&wp=MBI&wreply=https:%2F%2Fwww.bing.com%2Fsecure%2FPassport.aspx%3Frequrl%3Dhttps%253a%252f%252fwww.bing.com%252fwebmaster%252fdiagnostics%252fkeyword%252fresearch%253frflid%253d1&lc=1033&id=264960&contextid=36430B2D779C6511&bk=1495310156&uaid=11cdb52d950e4863b379d7d431a635b7&pid=0
"2017-05-20 19:56:03",https://login.live.com/login.srf?wa=wsignin1.0&rpsnv=13&ct=1495310155&rver=6.7.6636.0&wp=MBI&wreply=https:%2F%2Fwww.bing.com%2Fsecure%2FPassport.aspx%3Frequrl%3Dhttps%253a%252f%252fwww.bing.com%252fwebmaster%252fdiagnostics%252fkeyword%252fresearch%253frflid%253d1&lc=1033&id=264960
"2017-05-20 19:55:35",https://www.google.com/search?q=bing+search+trend&oq=bing+search+trend&aqs=chrome..69i57j0l5.7744j0j4&sourceid=chrome&ie=UTF-8
"2017-05-20 19:55:19",http://www.bing.com/
"2017-05-20 19:53:47",https://github.com/first20hours/google-10000-english/blob/master/google-10000-english-no-swears.txt
"2017-05-20 19:53:39",https://www.google.com/search?q=common+word+dictionary+text+file&oq=dictionary+text+file+common&gs_l=serp.3.0.0i22i30k1.1942.2901.0.3917.7.7.0.0.0.0.175.855.0j6.6.0....0...1.1.64.serp..1.6.854...0j0i22i10i30k1.qgucvWv_OL4
"2017-05-20 19:53:35",https://www.google.com/search?q=dictionary+text+file&oq=dic&aqs=chrome.0.69i59j0l2j69i65j69i57j0.474j0j7&sourceid=chrome&ie=UTF-8
"2017-05-20 19:52:54",https://www.facebook.com/?ref=logo
"2017-05-20 19:52:50",https://www.w3schools.com/jsref/obj_history.asp
"2017-05-20 19:52:50",http://cs.nyu.edu/trackmenot/
"2017-05-20 19:52:50",http://stackoverflow.com/questions/5112607/how-to-include-libraries-in-java-without-using-an-ide
"2017-05-20 19:52:49",https://github.com/vtoubiana/TrackMeNot/blob/master/tmn_search.js
"2017-05-20 19:51:02",http://www.gutenberg.org/ebooks/29765
"2017-05-20 19:50:58",http://www.gutenberg.org/ebooks/29765.txt.utf-8
"2017-05-20 19:50:58",http://www.gutenberg.org/cache/epub/29765/pg29765.txt
"2017-05-20 19:50:40",http://stackoverflow.com/questions/6441975/where-can-i-download-english-dictionary-database-in-a-text-format
"2017-05-20 19:50:39",https://www.google.com/search?q=dictionary+text+file&oq=dictionary+text+file&aqs=chrome..69i57j0l5.3831j0j7&sourceid=chrome&ie=UTF-8
"2017-05-20 19:38:17",https://www.w3schools.com/jsref/prop_his_length.asp
"2017-05-20 19:38:07",https://www.w3schools.com/jsref/jsref_statements.asp
"2017-05-20 19:38:02",https://www.w3schools.com/jsref/jsref_obj_string.asp
"2017-05-20 19:37:56",https://www.w3schools.com/jsref/default.asp
"2017-05-20 19:37:05",https://www.w3schools.com/js/js_output.asp
"2017-05-20 19:37:04",https://www.google.com/search?q=print+javascript&oq=print+java&aqs=chrome.1.69i57j0l5.2759j0j7&sourceid=chrome&ie=UTF-8
"2017-05-20 19:35:07",https://www.w3schools.com/jsref/obj_location.asp
"2017-05-20 19:34:56",https://www.google.com/search?q=javascript+history+object&oq=javascript+history+object&aqs=chrome.0.0l6.4999j0j7&sourceid=chrome&ie=UTF-8
"2017-05-20 19:22:39",https://github.com/vtoubiana/TrackMeNot
"2017-05-20 19:19:55",https://gist.github.com/GrantSchiller
"2017-05-20 19:19:50",https://gist.github.com/GrantSchiller/8688927
"2017-05-20 19:19:27",https://gist.github.com/GrantSchiller/8688927/revisions
"2017-05-20 19:14:01",https://gist.github.com/GrantSchiller/8688927/raw/d79ecd2af682ec091d4ae838b42df3faabd49b49/WebVisit.java
"2017-05-20 19:14:01",https://gist.githubusercontent.com/GrantSchiller/8688927/raw/d79ecd2af682ec091d4ae838b42df3faabd49b49/WebVisit.java
"2017-05-20 19:13:33",https://openid.edx.org/openid/provider/login/?openid.assoc_handle=%7BHMAC-SHA1%7D%7B59209442%7D%7B%2BZXxYw%3D%3D%7D&openid.claimed_id=http%3A%2F%2Fspecs.openid.net%2Fauth%2F2.0%2Fidentifier_select&openid.identity=http%3A%2F%2Fspecs.openid.net%2Fauth%2F2.0%2Fidentifier_select&openid.mode=checkid_setup&openid.ns=http%3A%2F%2Fspecs.openid.net%2Fauth%2F2.0&openid.ns.sreg=http%3A%2F%2Fopenid.net%2Fextensions%2Fsreg%2F1.1&openid.realm=https%3A%2F%2Fid.cs50.net%2F&openid.return_to=https%3A%2F%2Fid.cs50.net%2Fauthorize%3Ffrom%3DedX%26state%3D48726d15-8b49-49f8-98a9-4eb965d9581a%26janrain_nonce%3D2017-05-20T19%253A10%253A39ZOYfLrA&openid.sreg.optional=email%2Cfullname
"2017-05-20 19:11:45",https://gist.github.com/GrantSchiller/8688927/raw/d79ecd2af682ec091d4ae838b42df3faabd49b49/Browser.java
"2017-05-20 19:11:45",https://gist.githubusercontent.com/GrantSchiller/8688927/raw/d79ecd2af682ec091d4ae838b42df3faabd49b49/Browser.java
"2017-05-20 19:11:04",https://gist.github.com/GrantSchiller/8465925
"2017-05-20 19:10:49",https://cs50.io/api/nc/auth?response_type=token&client_id=ide&login_hint=
"2017-05-20 19:10:49",https://openid.edx.org/openid/provider/login/
"2017-05-20 19:10:49",https://id.cs50.net/authorize?from=edX&state=48726d15-8b49-49f8-98a9-4eb965d9581a&janrain_nonce=2017-05-20T19%3A10%3A39ZOYfLrA&openid.assoc_handle=%7BHMAC-SHA1%7D%7B592094b7%7D%7BxWg9Rw%3D%3D%7D&openid.claimed_id=https%3A%2F%2Fopenid.edx.org%2Fopenid%2Fprovider%2Flogin%2Fjkim99&openid.identity=https%3A%2F%2Fopenid.edx.org%2Fopenid%2Fprovider%2Flogin%2Fjkim99&openid.invalidate_handle=%7BHMAC-SHA1%7D%7B59209442%7D%7B%2BZXxYw%3D%3D%7D&openid.mode=id_res&openid.ns=http%3A%2F%2Fspecs.openid.net%2Fauth%2F2.0&openid.ns.sreg=http%3A%2F%2Fopenid.net%2Fextensions%2Fsreg%2F1.1&openid.op_endpoint=https%3A%2F%2Fopenid.edx.org%2Fopenid%2Fprovider%2Flogin%2F&openid.response_nonce=2017-05-20T19%3A10%3A47ZK3iTAq&openid.return_to=https%3A%2F%2Fid.cs50.net%2Fauthorize%3Ffrom%3DedX%26state%3D48726d15-8b49-49f8-98a9-4eb965d9581a%26janrain_nonce%3D2017-05-20T19%253A10%253A39ZOYfLrA&openid.sig=CADSwQ0KmHU3p3g2GYVuLf8%2BVQI%3D&openid.signed=assoc_handle%2Cclaimed_id%2Cidentity%2Cinvalidate_handle%2Cmode%2Cns%2Cns.sreg%2Cop_endpoint%2Cresponse_nonce%2Creturn_to%2Csigned%2Csreg.email%2Csreg.fullname&openid.sreg.email=jonathanskim%40gmail.com&openid.sreg.fullname=Jon+Kim
"2017-05-20 19:10:49",https://cs50.io/auth/cs50_callback?code=2a703b28-53d5-4e91-a981-fadda7947bcf&state=foo
"2017-05-20 19:10:49",https://ide.cs50.io/_auth/c9l/callback?code=9cARxqLR6BlHpJjIGXrV&state=
"2017-05-20 19:10:40",https://id.cs50.net/authorize?state=foo&response_type=code&redirect_uri=https%3A%2F%2Fcs50.io%2Fauth%2Fcs50_callback&scope=openid+profile+email&client_id=prod&to=edX
"2017-05-20 19:10:36",https://ide.cs50.io/_auth/c9l
"2017-05-20 19:10:36",https://cs50.io/signin.html?redirect=https%3A%2F%2Fcs50.io%2Fapi%2Fnc%2Fauth%3Fresponse_type%3Dtoken%26client_id%3Dide%26login_hint%3D&login_hint=&style=
"2017-05-20 19:10:36",https://cs50.io/auth/cs50?r=https%3A%2F%2Fcs50.io%2Fapi%2Fnc%2Fauth%3Fresponse_type%3Dtoken%26client_id%3Dide%26login_hint%3D
"2017-05-20 19:10:36",https://id.cs50.net/authorize?state=foo&response_type=code&redirect_uri=https%3A%2F%2Fcs50.io%2Fauth%2Fcs50_callback&scope=openid%20profile%20email&client_id=prod
"2017-05-20 19:08:01",https://github.com/vtoubiana/TrackMeNot/blob/master/trackmenot.js
"2017-05-20 19:07:11",https://github.com/vtoubiana/TrackMeNot/blob/master/style.css
"2017-05-20 19:06:59",https://github.com/vtoubiana/TrackMeNot/blob/master/icon16.png
"2017-05-20 19:06:44",https://github.com/vtoubiana/TrackMeNot/blob/master/dhs_keywords.json
"2017-05-20 19:05:07",https://github.com/vtoubiana/TrackMeNot/tree/master/locale
"2017-05-20 19:05:02",https://github.com/vtoubiana/TrackMeNot/blob/master/locale/da-DK.properties
"2017-05-20 19:04:33",http://jnetpcap.com/tutorial
"2017-05-20 19:04:27",http://jnetpcap.com/tutorial/ipreassembly
"2017-05-20 19:04:15",http://stackoverflow.com/questions/4211971/monitor-internet-activity
"2017-05-20 19:04:12",https://www.google.com/search?q=jnetpcap+track+internet+usage&oq=jnetpcap+track+internet+usage&gs_l=serp.3...2404.5692.0.5797.20.12.0.0.0.0.331.836.0j2j1j1.4.0....0...1.1.64.serp..16.4.835...0i22i30k1j33i160k1.UJGgWjrOI8k
"2017-05-20 19:04:06",https://www.google.com/search?q=jnetpcap+monitor+internet+usage&oq=jnetpcap+monitor+internet+usage&gs_l=serp.3..33i21k1.4924.20362.0.20491.27.22.2.0.0.0.645.3053.0j12j3j5-1.16.0....0...1.1.64.serp..10.17.2411...0j0i22i30k1j35i39k1j0i67k1j33i160k1._EmRLgdFgSc
"2017-05-20 19:03:59",http://jnetpcap.com/?q=node/744
"2017-05-20 19:02:02",https://www.google.com/search?q=jnetpcap+javadoc&oq=jnetpcap+java&aqs=chrome.1.69i57j0l5.35623j0j4&sourceid=chrome&ie=UTF-8
"2017-05-20 19:02:01",http://jnetpcap.com/documentation
"2017-05-20 19:01:56",http://jnetpcap.com/jnetpcap-1.3
"2017-05-20 18:59:11",https://sourceforge.net/projects/jnetpcap/?source=typ_redirect
"2017-05-20 18:58:29",https://sourceforge.net/projects/jnetpcap/postdownload?source=dlp
"2017-05-20 18:58:17",https://www.google.com/search?q=ubuntu+untar&oq=ubuntu+untar&aqs=chrome..69i57j0l5.4384j0j7&sourceid=chrome&ie=UTF-8
"2017-05-20 18:57:41",http://sourceforge.net/projects/jnetpcap/files/jnetpcap/1.3/jnetpcap-1.3.0-1.ubuntu.x86_64.tgz/download
"2017-05-20 18:57:41",https://sourceforge.net/projects/jnetpcap/files/jnetpcap/1.3/jnetpcap-1.3.0-1.ubuntu.x86_64.tgz/download
"2017-05-20 18:56:08",http://jnetpcap.com/download
"2017-05-20 18:55:38",https://www.google.com/search?q=add+external+java+library+to+linux&oq=add+external+java+library+to+linux&aqs=chrome..69i57.7759j0j7&sourceid=chrome&ie=UTF-8
"2017-05-20 18:55:24",http://jnetpcap.com/
"2017-05-20 18:55:12",https://www.google.com/search?q=java+track+internet+usage&oq=java+internet+trac&aqs=chrome.1.69i57j0.17503j0j4&sourceid=chrome&ie=UTF-8
"2017-05-20 18:55:08",http://stackoverflow.com/questions/26506711/check-internet-usage-using-java
"2017-05-20 18:52:45",https://github.com/vtoubiana/TrackMeNot/tree/master/images
"2017-05-20 18:49:37",https://takeout.google.com/settings/takeout/downloads
"2017-05-20 18:48:07",http://cs.nyu.edu/trackmenot
"2017-05-20 18:36:42",https://www.quora.com/How-do-I-build-a-program-that-can-monitor-the-internet-usage-of-my-flatmates-I-also-want-to-add-login-names-and-passwords-Can-it-be-done-using-Python-or-Java
"2017-05-20 18:36:31",http://www.manageability.org/blog/stuff/open-source-personal-proxy-servers-written-in-java
"2017-05-20 18:35:18",http://www.nirsoft.net/x64_download_package.html
"2017-05-20 18:35:05",http://www.nirsoft.net/utils/browsing_history_view.html
"2017-05-20 18:35:03",http://www.nirsoft.net/web_browser_tools.html
"2017-05-20 18:34:54",http://www.nirsoft.net/utils/index.html
"2017-05-20 18:34:37",http://www.nirsoft.net/programmer_tools.html
"2017-05-20 18:34:00",https://www.google.com/search?q=download+internet+history&oq=download+internet+history&aqs=chrome..69i57j0l5.6903j0j7&sourceid=chrome&ie=UTF-8
"2017-05-20 18:33:31",https://takeout.google.com/settings/takeout
"2017-05-20 18:32:43",https://takeout.google.com/settings/takeout/history
"2017-05-20 18:32:16",https://drive.google.com/drive/folders/0B25a9GoL5A8hfjlmX3lsMms0bGJxT0dnVk5lNDZWelk5c0N5RVVHbXpOdDBPNW91R3Y2b2s
"2017-05-20 18:32:00",https://drive.google.com/drive/recent
"2017-05-20 18:31:37",https://www.google.com/trends/correlate
"2017-05-20 18:31:15",https://trends.google.com/trends/topcharts
"2017-05-20 18:31:09",https://www.google.com/search?q=most+common+google+searches&oq=most+common+google+searches+&aqs=chrome..69i57j0l5.7751j0j4&sourceid=chrome&ie=UTF-8
"2017-05-20 18:30:48",https://trends.google.com/trends/explore
"2017-05-20 18:30:21",https://trends.google.com/trends/topcharts#cid
"2017-05-20 18:30:17",https://trends.google.com/trends/topcharts#cid=lifestyle
"2017-05-20 18:29:53",https://trends.google.com/trends/hottrends
"2017-05-20 18:29:47",https://trends.google.com/trends/topcharts#geo=US&date=201704
"2017-05-20 18:29:30",https://trends.google.com/trends
"2017-05-20 18:29:30",https://trends.google.com/trends/
"2017-05-20 18:29:07",https://www.google.com/search?q=top+google+searches&oq=top+google+searches+&aqs=chrome..69i57j0l5.5071j0j7&sourceid=chrome&ie=UTF-8
"2017-05-20 18:28:53",https://preview.cs50.io/shan3011/guise-camo/test.html?_c9_id=livepreview0&_c9_host=https://ide.cs50.io
"2017-05-20 18:28:53",https://preview.cs50.io/shan3011/guise-camo/test.html
"2017-05-20 18:27:55",https://community.c9.io/t/how-to-live-preview-an-html-file/11660
"2017-05-20 18:27:53",https://community.c9.io/t/how-to-live-preview-an-html-file/11660/2
"2017-05-20 18:27:45",https://www.google.com/search?q=view+html+file+in+c9&oq=view+html+file+in+c9&aqs=chrome..69i57.4239j0j7&sourceid=chrome&ie=UTF-8
"2017-05-20 18:26:30",https://myaccount.google.com/privacy
"2017-05-20 18:25:36",https://drive.google.com/drive/?utm_source=en_US&pli=1
"2017-05-20 18:25:34",https://accounts.google.com/ServiceLogin?service=wise&passive=true&continue=http%3A%2F%2Fdrive.google.com%2F%3Futm_source%3Den_US&utm_medium=button&utm_campaign=web&utm_content=gotodrive&usp=gtd&ltmpl=drive&urp=https%3A%2F%2Fwww.google.com%2F
"2017-05-20 18:25:34",https://drive.google.com/?utm_source=en_US&pli=1&auth=tAQxJxL_JOuJ7qSEIAYYhAYEL2qQcu8vH6PgU1EiycJd3NbbSwQPkZzQZl7Fmbm_2m2b_Q.&authuser=0
"2017-05-20 18:25:34",https://drive.google.com/?utm_source=en_US&pli=1&authuser=0
"2017-05-20 18:25:32",https://www.google.com/drive/
"2017-05-20 18:25:30",https://www.google.com/search?q=drive&oq=drive&aqs=chrome..69i57j69i60l2.519j0j7&sourceid=chrome&ie=UTF-8
"2017-05-20 18:24:40",https://www.google.com/settings/takeout
"2017-05-20 18:21:40",https://www.facebook.com/login.php?login_attempt=1&next=https%3A%2F%2Fwww.facebook.com%2F%3Fref%3Dlogo&lwv=100
"2017-05-20 18:21:32",https://www.facebook.com/login.php?next=https%3A%2F%2Fwww.facebook.com%2F%3Fref%3Dlogo
"2017-05-20 18:21:17",https://notifications.google.com/u/0/widget?sourceid=49&hl=en&origin=https%3A%2F%2Fdrive.google.com&uc=1&usegapi=1&jsh=m%3B%2F_%2Fscs%2Fabc-static%2F_%2Fjs%2Fk%3Dgapi.gapi.en.DTPeBB_SvOA.O%2Fm%3D__features__%2Frt%3Dj%2Fd%3D1%2Frs%3DAHpOoo-J3J0yqNDMPVrmQT6j-SBFfGx8oA#pid=49&_methods=onError%2ConInfo%2ChideNotificationWidget%2CpostSharedMessage%2Creauth%2CsetNotificationWidgetHeight%2CsetNotificationWidgetSize%2CswitchTo%2CnavigateTo%2CsetNotificationText%2CsetNotificationAnimation%2CgetNotificationText%2CvalidateUser%2C_ready&id=I0_1495304392359&parent=https%3A%2F%2Fdrive.google.com&pfname=&rpctoken=96518564
"2017-05-20 18:21:16",https://notifications.google.com/u/0/widget?sourceid=117&hl=en&origin=https%3A%2F%2Fsupport.google.com&uc=1&usegapi=1&jsh=m%3B%2F_%2Fscs%2Fabc-static%2F_%2Fjs%2Fk%3Dgapi.gapi.en.DTPeBB_SvOA.O%2Fm%3D__features__%2Frt%3Dj%2Fd%3D1%2Frs%3DAHpOoo-J3J0yqNDMPVrmQT6j-SBFfGx8oA#pid=117&_methods=onError%2ConInfo%2ChideNotificationWidget%2CpostSharedMessage%2Creauth%2CsetNotificationWidgetHeight%2CsetNotificationWidgetSize%2CswitchTo%2CnavigateTo%2CsetNotificationText%2CsetNotificationAnimation%2CgetNotificationText%2CvalidateUser%2C_ready&id=I0_1495304322534&parent=https%3A%2F%2Fsupport.google.com&pfname=&rpctoken=21569767
"2017-05-20 18:21:15",https://notifications.google.com/u/0/widget?sourceid=192&hl=en&origin=https%3A%2F%2Fmyaccount.google.com&uc=1&usegapi=1&jsh=m%3B%2F_%2Fscs%2Fabc-static%2F_%2Fjs%2Fk%3Dgapi.gapi.en.DTPeBB_SvOA.O%2Fm%3D__features__%2Frt%3Dj%2Fd%3D1%2Frs%3DAHpOoo-J3J0yqNDMPVrmQT6j-SBFfGx8oA#pid=192&_methods=onError%2ConInfo%2ChideNotificationWidget%2CpostSharedMessage%2Creauth%2CsetNotificationWidgetHeight%2CsetNotificationWidgetSize%2CswitchTo%2CnavigateTo%2CsetNotificationText%2CsetNotificationAnimation%2CgetNotificationText%2CvalidateUser%2C_ready&id=I1_1495304366074&parent=https%3A%2F%2Fmyaccount.google.com&pfname=&rpctoken=10929097
"2017-05-20 18:21:15",https://accounts.google.com/CheckCookie?hl=en&checkedDomains=youtube&checkConnection=youtube%3A282%3A1&pstMsg=1&chtml=LoginDoneHtml&service=mail&continue=https%3A%2F%2Fmail.google.com%2Fmail%2F&gidl=EgIIAA
"2017-05-20 18:21:15",https://mail.google.com/accounts/SetOSID?authuser=0&continue=https%3A%2F%2Faccounts.youtube.com%2Faccounts%2FSetSID%3Fssdc%3D1%26sidt%3DALWU2csNkr7xxp%252FsDA9Fly8ykpdxn4nCMSvKhBPShTSsqohD9iB%252FUXPd%252FOU0Ld5SAk1tjm1UHLhWcDkFw1xfsKcYiB4O3j1qbq3RJXvJ3%252Bcb8tSW9VELt7fjL5K2m7C1Lo5D5HQKLIUfCoCg1V1eQWuf%252BhqWr0gss2cMOeirKNMnq5nipB7UbHHa7wKsRvPituI2yE3CUZ7pC8tnjhkLNNqiZqdo8xxTUSIQ1pgvmK7rNtq2mIYn9e2SWFtsS%252FJmvhYi9PT4RmL0agmSv5gLSJ8BF5sl5vlreA%253D%253D%26continue%3Dhttps%253A%252F%252Fmail.google.com%252Fmail%252F%253Fauth%253DtAQxJ1hjJWCPoHimO507U82VyzUxGyukSAI_a2UJUUxRSVR6H-8niYkmEsz0CxktasEwMA.&osidt=ALWU2cvLofl773PcyKehxZPdHQXW5PiciaXOO9r9Ti6XYOjaOiHcblZJJmY9gHNjq9IItYcMdOa9cN5qS8szK469JFOObPk_nJAYl6Ihq39-Y3QlmFqnKouk_98CUyA09XtFVFw4nzsr
"2017-05-20 18:21:15",https://accounts.youtube.com/accounts/SetSID?ssdc=1&sidt=ALWU2csNkr7xxp%2FsDA9Fly8ykpdxn4nCMSvKhBPShTSsqohD9iB%2FUXPd%2FOU0Ld5SAk1tjm1UHLhWcDkFw1xfsKcYiB4O3j1qbq3RJXvJ3%2Bcb8tSW9VELt7fjL5K2m7C1Lo5D5HQKLIUfCoCg1V1eQWuf%2BhqWr0gss2cMOeirKNMnq5nipB7UbHHa7wKsRvPituI2yE3CUZ7pC8tnjhkLNNqiZqdo8xxTUSIQ1pgvmK7rNtq2mIYn9e2SWFtsS%2FJmvhYi9PT4RmL0agmSv5gLSJ8BF5sl5vlreA%3D%3D&continue=https%3A%2F%2Fmail.google.com%2Fmail%2F%3Fauth%3DtAQxJ1hjJWCPoHimO507U82VyzUxGyukSAI_a2UJUUxRSVR6H-8niYkmEsz0CxktasEwMA.
"2017-05-20 18:21:15",https://mail.google.com/mail/?auth=tAQxJ1hjJWCPoHimO507U82VyzUxGyukSAI_a2UJUUxRSVR6H-8niYkmEsz0CxktasEwMA.
"2017-05-20 18:21:15",https://mail.google.com/mail/
"2017-05-20 18:21:15",https://mail.google.com/mail/u/0/
"2017-05-20 18:21:08",https://accounts.google.com/signin/v2/sl/pwd?continue=https%3A%2F%2Fmail.google.com%2Fmail%2F&service=mail&sacu=1&rip=1&flowName=GlifWebSignIn&flowEntry=ServiceLogin&cid=1&navigationDirection=forward
"2017-05-20 18:21:07",https://accounts.google.com/signin/v2/identifier?continue=https%3A%2F%2Fmail.google.com%2Fmail%2F&service=mail&sacu=1&rip=1&flowName=GlifWebSignIn&flowEntry=ServiceLogin
"2017-05-20 18:20:57",https://accounts.google.com/ServiceLogin?continue=https%3A%2F%2Fmail.google.com%2Fmail%2F&service=mail&sacu=1&rip=1
"2017-05-20 18:20:57",https://accounts.google.com/AccountChooser?service=mail&continue=https://mail.google.com/mail/
"2017-05-20 18:20:54",https://accounts.google.com/ServiceLogin?service=mail&passive=true&rm=false&continue=https://mail.google.com/mail/&ss=1&scc=1&ltmpl=default&ltmplcache=2&emr=1&osid=1#
"2017-05-20 18:20:54",https://mail.google.com/intl/en/mail/help/about.html#
"2017-05-20 18:20:54",https://www.google.com/intl/en/mail/help/about.html#
"2017-05-20 18:20:54",https://www.google.com/gmail/about/#
"2017-05-20 18:20:50",https://drive.google.com/drive/u/0/my-drive
"2017-05-20 18:20:41",https://notifications.google.com/u/0/widget?sourceid=23&hl=en&origin=https%3A%2F%2Fmail.google.com&uc=1&usegapi=1&jsh=m%3B%2F_%2Fscs%2Fabc-static%2F_%2Fjs%2Fk%3Dgapi.gapi.en.DTPeBB_SvOA.O%2Fm%3D__features__%2Frt%3Dj%2Fd%3D1%2Frs%3DAHpOoo-J3J0yqNDMPVrmQT6j-SBFfGx8oA#pid=23&_methods=onError%2ConInfo%2ChideNotificationWidget%2CpostSharedMessage%2Creauth%2CsetNotificationWidgetHeight%2CsetNotificationWidgetSize%2CswitchTo%2CnavigateTo%2CsetNotificationText%2CsetNotificationAnimation%2CgetNotificationText%2CvalidateUser%2C_ready&id=I0_1495299113841&parent=https%3A%2F%2Fmail.google.com&pfname=&rpctoken=21414784
"1601-01-01 00:00:00",http://inotfattt.blogspot.com/2012/07/the-code-of-honor-series-1-dibs.html?m=1
"1601-01-01 00:00:00",http://translate.google.com/
"1601-01-01 00:00:00",http://www.angelfire.com/apes/mozzarella/jim/shotgun.html
"1601-01-01 00:00:00",http://www.championcounter.com/ezreal
"1601-01-01 00:00:00",http://www.gwtproject.org/overview.html?csw=1
"1601-01-01 00:00:00",http://www.jduncutsessions.com/band/robert-delong?trust=yes&utm_source=oslate&utm_medium=media&utm_content=rdl
"1601-01-01 00:00:00",http://www.psychcongress.com/saundras-corner/scales-screeners/adhd/adhd-rating-scale-iv-adhd-rs
"1601-01-01 00:00:00",http://www.spanishdict.com/
"1601-01-01 00:00:00",https://crackstation.net/buy-crackstation-wordlist-password-cracking-dictionary.htm
"1601-01-01 00:00:00",https://hexed.it/
"1601-01-01 00:00:00",https://inhalemd.com/massachusetts-medical-cannabis-guide/how-to-register-for-a-medical-marijuana-card-in-massachusetts/
"1601-01-01 00:00:00",https://ma-andover.myfollett.com/aspen/home.do
"1601-01-01 00:00:00",https://pokemonshowdown.com/damagecalc/
"1601-01-01 00:00:00",https://psychology-tools.com/adult-adhd-self-report-scale/
"1601-01-01 00:00:00",https://sites.google.com/a/k12.andoverma.us/ahsdib1/
